{
    "VIII Legislatura": {
        "subjectivity": 0.27721557190687973,
        "polarity": 0.0370513365377648
    },
    "IX Legislatura": {
        "subjectivity": 0.3070288761259018,
        "polarity": 0.030137456346062293
    },
    "X Legislatura": {
        "subjectivity": 0.2595242554166204,
        "polarity": 0.013683560316884849
    },
    "XI Legislatura": {
        "subjectivity": 0.16867082136678185,
        "polarity": 0.003256650866121075
    },
    "XII Legislatura": {
        "subjectivity": 0.20367313013787525,
        "polarity": 0.011607916270208891
    },
    "XIII Legislatura": {
        "subjectivity": 0.2046563510412599,
        "polarity": 0.030851401479475776
    },
    "XIV Legislatura": {
        "subjectivity": 0.20503815499380923,
        "polarity": 0.033346982571546335
    }
}